lineage	assembly	reads	MAGs
Acetobacteraceae	91.3173652694611	99.1017964071856	41.9161676646707
Acidobacteriaceae	81.1377245508982	94.311377245509	41.9161676646707
Beijerinckiaceae	78.1437125748503	96.7065868263473	36.5269461077844
Cystobasidiomycetes	8.38323353293413	31.1377245508982	1.19760479041916
Sphingomonadaceae	60.1796407185629	91.9161676646707	14.6706586826347
Trebouxiophyceae	83.2335329341317	99.7005988023952	17.9640718562874
Tremellomycetes	14.9700598802395	64.0718562874251	2.09580838323353
